"author_id","first_name","middle_name","last_name"
1,"Merrit",NULL,"Eric"
2,"Linda",NULL,"Mul"
3,"Alecos",NULL,"Papadatos"
4,"Paul","C.van","Oorschot"
5,"David",NULL,"Cronin"
6,"Richard",NULL,"Blum"
7,"Yuval","Noah","Harari"
8,"Paul",NULL,"Albitz"
9,"David",NULL,"Beazley"
10,"John","Paul","Shen"
11,"Andrew",NULL,"Miller"
12,"Melanie",NULL,"Swan"
13,"Neal",NULL,"Ford"
14,"Nir",NULL,"Shavit"
15,"Tim",NULL,"Kindberg"
16,"Mike",NULL,"McQuaid"
17,"Brian","P.","Hogan"
18,"Jean-Philippe",NULL,"Aumasson"
19,"Lance",NULL,"Fortnow"
20,"Richard","C.","Jeffrey"
21,"William","L.","Simon"
22,"Magnus","Lie","Hetland"
23,"Mike",NULL,"McShaffry"
24,"Norman",NULL,"Matloff"
25,"John","E.","Hopcroft"
26,"S.",NULL,"Sudarshan"
27,"Bruce",NULL,"Eckel"
28,"Bill",NULL,"Gates"
29,"Shane",NULL,"Harvie"
30,"Ralph","P.","Grimaldi"
31,"Garry",NULL,"Kasparov"
32,"Lawrence","C.","Paulson"
33,"Donella","H.","Meadows"
34,"Maria",NULL,"Levitin"
35,"Joy","A.","Thomas"
36,"Scott",NULL,"Rosenberg"
37,"Mark",NULL,"Nelson"
38,"Hal",NULL,"Abelson"
39,"Ray",NULL,"Seyfarth"
40,"Fred",NULL,"Turner"
41,"Andrew",NULL,"Honig"
42,"Helen",NULL,"Sharp"
43,"Katie",NULL,"Hafner"
44,"Christopher",NULL,"Negus"
45,"Ralph",NULL,"Kimball"
46,"Trent","R.","Hein"
47,"Venkat",NULL,"Subramaniam"
48,"Simon","J.D.","Prince"
50,"Stephen",NULL,"Wolfram"
51,"Jennifer",NULL,"Petoff"
52,"Massimo",NULL,"Banzi"
53,"Mickey",NULL,"Petersen"
54,"Ethem",NULL,"Alpaydin"
55,"Ytaelena",NULL,"LA3pez"
56,"John","L.","Hennessy"
57,"Cameron",NULL,"Moll"
58,"Jamie",NULL,"Levy"
59,"Janet",NULL,"Gregory"
60,"Jenifer",NULL,"Tidwell"
61,"Steven","S.","Skiena"
62,"Jimmy",NULL,"Soni"
63,"Tracy",NULL,"Kidder"
64,"Douglas","R.","Hofstadter"
65,"Zed",NULL,"Shaw"
66,"Yoav",NULL,"Shoham"
67,"Danny",NULL,"Goodman"
68,"Bert",NULL,"Bates"
69,"David",NULL,"Gries"
70,"Eric",NULL,"Newcomer"
71,"Jim","R.","Wilson"
72,"Maarten","van","Steen"
73,"Tsung-Hsien",NULL,"Lee"
74,"M.","Mitchell","Waldrop"
75,"George",NULL,"Pólya"
76,"Richard","S.","Bird"
77,"Ben",NULL,"Collins-Sussman"
78,"Micha",NULL,"Gorelick"
79,"Christopher","T.","Haynes"
80,"Carlos",NULL,"Bueno"
81,"Michael","L.","Scott"
82,"William","Jr.","Gwaltney"
83,"Binu",NULL,"John"
84,"Dan",NULL,"Bader"
85,"Chris",NULL,"Smith"
86,"Andrew",NULL,"Stellman"
87,"Kevin",NULL,"Poulsen"
88,"Peter",NULL,"Linz"
89,"Jim",NULL,"OGorman"
90,"Ali",NULL,"Almossawi"
91,"David",NULL,"Robson"
92,"Brad",NULL,"Abrams"
93,"Timothy",NULL,"Downs"
94,"Kyle",NULL,"Loudon"
95,"Robert",NULL,"Eckstein"
96,"Wolfgang",NULL,"Banzhaf"
97,"Mike",NULL,"Beedle"
98,"Luke",NULL,"Ruth"
99,"Brad",NULL,"Stone"
100,"David",NULL,"Gourley"
101,"Greg",NULL,"Kroah-Hartman"
102,"Jurgen",NULL,"Appelo"
103,"Eric",NULL,"Ries"
104,"Ian",NULL,"Parberry"
105,"Johan",NULL,"Vromans"
106,"Corey",NULL,"Sandler"
107,"Devon",NULL,"Kearns"
108,"Steven",NULL,"Feiner"
109,"Kevlin",NULL,"Henney"
110,"Abraham",NULL,"Silberschatz"
111,"Mark",NULL,"Russinovich"
112,"Carl",NULL,"Eastlund"
113,"Hans",NULL,"Langtangen"
114,"Carin",NULL,"Meier"
115,"Rebecca",NULL,"Wirfs-Brock"
116,"Lasse",NULL,"Koskela"
117,"David",NULL,"Chelimsky"
118,"Why","Stiff","Lucky"
119,"Christopher",NULL,"Hadnagy"
120,"Sebastian",NULL,"Raschka"
121,"Henk",NULL,"Barendregt"
122,"Tobias",NULL,"Nipkow"
123,"Chris",NULL,"Bernhardt"
124,"Joost-Pieter",NULL,"Katoen"
125,"R.G.",NULL,"Dromey"
126,"Andrew",NULL,"McAfee"
127,"Jeff",NULL,"Hawkins"
128,"Paul",NULL,"Deitel"
129,"Albert",NULL,"Meyer"
130,"Angus",NULL,"Croll"
131,"Jason",NULL,"Hickey"
132,"Nathan",NULL,"Marz"
133,"Miguel",NULL,"Revilla"
134,"Maurice",NULL,"Herlihy"
135,"Gareth",NULL,"James"
136,"Hanne",NULL,"Nielson"
137,"Vern",NULL,"Ceder"
138,"Matt",NULL,"Pharr"
139,"Joe",NULL,"Armstrong"
140,"Mati",NULL,"Aharoni"
141,"Patrick",NULL,"Debois"
142,"Sandi",NULL,"Metz"
143,"Benedikt",NULL,"GroAY"
144,"Peter",NULL,"Sanders"
145,"Baron",NULL,"Schwartz"
146,"Paul",NULL,"Clements"
147,"Scott",NULL,"Ambler"
148,"R.",NULL,"Dybvig"
149,"Stephen",NULL,"Figgins"
150,"Stephan",NULL,"Mertens"
151,"Cay",NULL,"Horstmann"
152,"Luis",NULL,"Atencio"
153,"Michael",NULL,"Nielsen"
154,"Aaron",NULL,"Courville"
155,"W.H.",NULL,"Feijen"
156,"Richard",NULL,"Bejtlich"
157,"Peter",NULL,"Bruce"
158,"Adam",NULL,"Gibson"
159,"Vernon",NULL,"Ceder"
160,"Patrick",NULL,"Winston"
161,"Scott",NULL,"Vanstone"
162,"Jon",NULL,"Duckett"
163,"Nick",NULL,"Bostrom"
164,"Michael",NULL,"Dahlin"
165,"Eric",NULL,"Meyer"
166,"David",NULL,"Harel"
167,"Claude",NULL,"Shannon"
168,"Daryl",NULL,"Harms"
169,"Dan",NULL,"North"
170,"Roberto",NULL,"Tamassia"
171,"Paul",NULL,"Freiberger"
172,"George",NULL,"Heineman"
173,"Jeffrey",NULL,"Yost"
174,"Matt",NULL,"Weisfeld"
175,"Luciano",NULL,"Ramalho"
176,"Mary",NULL,"Poppendieck"
177,"M.",NULL,"Ozsu"
178,"Emily",NULL,"Chang"
179,"Douglas",NULL,"Stinson"
180,"Sara",NULL,"Wachter-Boettcher"
181,"Rajeev",NULL,"Motwani"
182,"John",NULL,"Sonmez"
183,"Y.",NULL,"Liang"
184,"Stanley",NULL,"Selkow"
185,"Christopher",NULL,"Duncan"
186,"Michael",NULL,"Whitman"
187,"Ron",NULL,"Jeffries"
188,"Johannes",NULL,"Braams"
189,"SaA!a",NULL,"Juric"
190,"Peter",NULL,"Thiel"
191,"Steve",NULL,"Souders"
192,"Jerome",NULL,"Friedman"
193,"Scott",NULL,"Mueller"
194,"Mark",NULL,"Dowd"
195,"Kelli",NULL,"Houston"
196,"Hinrich",NULL,"Schütze"
197,"Ethan",NULL,"Marcotte"
198,"Mark",NULL,"Pilgrim"
199,"Martin",NULL,"Davis"
200,"Craig",NULL,"Sharkie"
201,"Addy",NULL,"Osmani"
202,"N.",NULL,"Friedman"
203,"Daniel",NULL,"Rose"
204,"Chris",NULL,"Houser"
205,"Linus",NULL,"Torvalds"
206,"Matthew",NULL,"Helmke"
207,"John",NULL,"Battelle"
208,"Jon",NULL,"Kleinberg"
209,"Alan",NULL,"Cooper"
210,"Yoshua",NULL,"Bengio"
211,"Henrik",NULL,"Kniberg"
212,"Anshul",NULL,"Gupta"
213,"Judith",NULL,"Gersting"
214,"Jared",NULL,"Spool"
215,"William",NULL,"Brown"
216,"Ward",NULL,"Cunningham"
217,"Wladston",NULL,"Filho"
218,"Johnny",NULL,"Long"
219,"Cathy",NULL,"ONeil"
220,"June",NULL,"Barrow-Green"
221,"Jason",NULL,"Williams"
222,"Edward",NULL,"Skoudis"
223,"Jérémie",NULL,"Zimmermann"
224,"Mario",NULL,"Fusco"
225,"Jason",NULL,"Gregory"
226,"Micah",NULL,"Martin"
227,"Lloyd",NULL,"Trefethen"
228,"Erwin",NULL,"Schrödinger"
229,"Chris",NULL,"Dannen"
230,"Shlomo",NULL,"Angel"
231,"Tom",NULL,"Badgett"
232,"Shon",NULL,"Harris"
233,"Brian",NULL,"Krebs"
234,"Graham",NULL,"Hutton"
235,"Ross",NULL,"Anderson"
236,"Linda",NULL,"Torczon"
237,"Steve",NULL,"Freeman"
238,"Simson",NULL,"Garfinkel"
239,"Ilya",NULL,"Grigorik"
240,"Jan",NULL,"Eijck"
241,"Philip",NULL,"Bernstein"
242,"Larry",NULL,"Ullman"
243,"Michael",NULL,"Feathers"
244,"Linda",NULL,NULL
245,"Martin",NULL,"Ford"
246,"Sandro",NULL,"Mancuso"
248,"Donald",NULL,"Rubin"
249,"Steve",NULL,"Matyas"
250,"Richard",NULL,"Woods"
251,"Tim",NULL,"Roughgarden"
252,"Jeff",NULL,"Edmonds"
253,"Eoin",NULL,"Woods"
254,"Brian",NULL,"Fitzpatrick"
255,"N.",NULL,"Mermin"
256,"Karl",NULL,"Seguin"
257,"Leo",NULL,"Brodie"
258,"Robert",NULL,"Sebesta"
259,"Janet",NULL,"Valade"
260,"Bill",NULL,"Fenner"
261,"Lorna",NULL,"Mitchell"
262,"Satya",NULL,"Nadella"
263,"Dan",NULL,"Cederholm"
264,"Bryan",NULL,"Helmkamp"
265,"Dale",NULL,"Dougherty"
266,"Ka",NULL,"Cheung"
267,"Mark",NULL,"Lutz"
268,"Tom",NULL,"Phoenix"
269,"Mark",NULL,"Hamstra"
270,"Gayle",NULL,"McDowell"
271,"Michael",NULL,"Swaine"
272,"Yvonne",NULL,"Rogers"
273,"Edmond",NULL,"Lau"
274,"Mike",NULL,"Clark"
275,"Gordon",NULL,"Blair"
276,"Mark",NULL,"Ciampa"
277,"Pramod",NULL,"Sadalage"
278,"Subrata",NULL,"Dasgupta"
279,"Stuart",NULL,"McClure"
280,"Gary",NULL,"Bradski"
281,"Brian",NULL,"Lonsdorf"
282,"Jesse",NULL,"Robbins"
283,"Steven",NULL,"Pinker"
284,"David",NULL,"Stork"
285,"Luke",NULL,"Wroblewski"
286,"Graham",NULL,"Lee"
287,"J.",NULL,"Adams"
288,"Stephen",NULL,"Thorne"
289,"Dmitry",NULL,"Jemerov"
290,"Thomas",NULL,"Connolly"
291,"J.",NULL,"Brookshear"
292,"W.",NULL,"Hillis"
293,"Petar",NULL,"Tahchiev"
294,"Arnold",NULL,"Robbins"
295,"Chris",NULL,"Hankin"
296,"Jack",NULL,"Moffett"
297,"Andreas",NULL,"Wittig"
298,"Kjell",NULL,"Johnson"
299,"Christine",NULL,"Bresnahan"
300,"Tom",NULL,"Christiansen"
301,"Harvey",NULL,"Deitel"
302,"Allan",NULL,"Friedman"
303,"Tom",NULL,"DeMarco"
304,"Chris",NULL,"Rowley"
305,"Chris",NULL,"Eagle"
306,"Gina",NULL,"Smith"
307,"David",NULL,"LeBlanc"
308,"Andrea",NULL,"Arpaci-Dusseau"
309,"Martin",NULL,"Reddy"
310,"Eliezer",NULL,"Yudkowsky"
311,"Alfred",NULL,"Aho"
312,"John",NULL,"Maeda"
313,"Janna",NULL,"Levin"
314,"Christopher",NULL,"Cunningham"
315,"Flemming",NULL,"Nielson"
316,"Anne",NULL,"Troelstra"
317,"Hartley",NULL,"Rogers"
318,"Jonathan",NULL,"Katz"
319,"Cory",NULL,"Althoff"
320,"Betty",NULL,"Toole"
321,"H.",NULL,"Schwichtenberg"
322,"Sara",NULL,"Ishikawa"
323,"Dennis",NULL,"Shasha"
324,"Daniela",NULL,"Witten"
325,"Nilanjan",NULL,"Raychaudhuri"
326,"Avdi",NULL,"Grimm"
327,"Martin",NULL,"Fowler"
328,"Brian",NULL,"Carper"
329,"Mat",NULL,"Buckland"
330,"Amit",NULL,"Prakash"
331,"V.",NULL,"Spraul"
332,"Craig",NULL,"Martell"
333,"Svetlana",NULL,"Isakova"
334,"James",NULL,"Trott"
335,"Kenneth",NULL,"Rubin"
336,"William","Jr.","Shotts"
337,"Ian",NULL,"Sommerville"
338,"Dennis",NULL,"Ritchie"
339,"Brendan",NULL,"Burns"
340,"Adele",NULL,"Goldberg"
341,"Conor",NULL,"McBride"
342,"Andy",NULL,"Müller-Maguhn"
343,"Foster",NULL,"Provost"
344,"Tom",NULL,"Mitchell"
345,"Duncan",NULL,"Watts"
346,"David",NULL,"Wood"
347,"Ming",NULL,"Li"
348,"Alan",NULL,"McKean"
349,"Tatiana",NULL,"Diaz"
350,"David",NULL,"III"
351,"Nelson",NULL,"Beebe"
352,"Mike",NULL,"Meyers"
353,"Bruce",NULL,"MacLennan"
354,"Suzanne",NULL,"Robertson"
355,"David",NULL,"Carlisle"
356,"Peter",NULL,"Weinberger"
357,"Ingrid",NULL,"Fiksdahl-King"
358,"Igal",NULL,"Tabachnik"
359,"Greg",NULL,"Michaelson"
360,"Jeroen",NULL,"Janssens"
361,"Nicholas",NULL,"Haemel"
362,"Felix",NULL,"Halim"
363,"David",NULL,"Kennedy"
364,"Roger",NULL,"Pressman"
365,"J.P.",NULL,"Vossen"
366,"Daniel",NULL,"Higginbotham"
367,"Colin",NULL,"Evans"
368,"Robert",NULL,"Nystrom"
369,"Ron",NULL,"White"
370,"Justin",NULL,"Schuh"
371,"Carlos",NULL,"Coronel"
372,"Matt",NULL,"Carter"
373,"Guy",NULL,"Theraulaz"
374,"Zachary",NULL,"Tong"
375,"Richard",NULL,"Stallman"
376,"David",NULL,"Holmes"
377,"George",NULL,"Dyson"
378,"Kent",NULL,"Beck"
379,"Nathan",NULL,"Ensmenger"
380,"Micah",NULL,"Alpern"
381,"Steven",NULL,"Halim"
382,"Greg",NULL,"Riccardi"
383,"Matthew",NULL,"Lyon"
384,"Dan",NULL,"Jurafsky"
385,"Asanovi",NULL,NULL
386,"Richard",NULL,"Gabriel"
387,"Marco",NULL,"Dorigo"
388,"Brian",NULL,"Flannery"
389,"Thomas",NULL,"Anderson"
390,"Ben",NULL,"Albahari"
391,"Gary",NULL,"Pollice"
392,"Jon",NULL,"Orwant"
393,"Dave",NULL,"Fancher"
394,"John",NULL,"Smart"
395,"Wallace",NULL,"Wang"
396,"Julian",NULL,"Assange"
397,"Alex",NULL,"Payne"
398,"Terence",NULL,"Parr"
399,"Kees",NULL,"Doets"
400,"Eldad",NULL,"Eilam"
401,"John",NULL,"Zelle"
402,"Marsha",NULL,"Zaidman"
403,"Kip",NULL,"Irvine"
404,"Deepak",NULL,"Alur"
405,"Magnus",NULL,"Christerson"
406,"Martin",NULL,"Abbott"
407,"F.",NULL,"Lawvere"
408,"Robert",NULL,"Harper"
409,"K.N.",NULL,"King"
410,"Diana",NULL,"Wright"
411,"Daniel",NULL,"Velleman"
412,"Frank",NULL,"OBrien"
413,"Andrew",NULL,"Farris"
414,"Niranjan",NULL,"Shivaratri"
415,"Don",NULL,"Jones"
416,"Adam",NULL,"Freeman"
417,"William",NULL,"Cook"
418,"Andrei",NULL,"Alexandrescu"
419,"Yehuda",NULL,"Katz"
420,"Richard",NULL,"Monson-Haefel"
421,"George",NULL,"Kurtz"
422,"Seth",NULL,"Stephens-Davidowitz"
423,"Martin",NULL,"Gardner"
424,"Bruce",NULL,"Lawson"
425,"Robert",NULL,"Knake"
426,"Ellen",NULL,"Ullman"
427,"John",NULL,"Crupi"
428,"Diana",NULL,"Larsen"
429,"Eric",NULL,"Giguere"
430,"Derek",NULL,"Balling"
431,"Paul",NULL,"Ceruzzi"
432,"Tom",NULL,"Fawcett"
433,"Jeff",NULL,"Johnson"
434,"Jon",NULL,"Gertner"
435,"Yashavant",NULL,"Kanetkar"
436,"Andy",NULL,"Oram"
437,"Kenneth",NULL,"Steiglitz"
438,"Trevor",NULL,"Hastie"
439,"Jeffrey",NULL,"Ullman"
440,"Adrian",NULL,"Holovaty"
441,"Kevin",NULL,"Kelly"
442,"Paul",NULL,"Barry"
443,"Uwe",NULL,"SchÃ¶ning"
444,"John",NULL,"Burgess"
445,"Christopher",NULL,"Steiner"
446,"Eric",NULL,"Redmond"
447,"Jon",NULL,"Erickson"
448,"Timothy",NULL,"Gowers"
449,"Karl",NULL,"Matthias"
450,"Jason",NULL,"Fried"
451,"Jacquelyn",NULL,"Carter"
452,"Jacob",NULL,"Appelbaum"
453,"Andrew",NULL,"Glover"
454,"John",NULL,"White"
455,"Ed",NULL,"Yourdon"
456,"The",NULL,"Consortium"
457,"Michael",NULL,"Lucas"
458,"Raphael",NULL,"Malveau"
459,"Simon",NULL,"Marlow"
460,"Ralph",NULL,"Johnson"
461,"Bjarne",NULL,"Stroustrup"
462,"Jeremy",NULL,"Kubica"
463,"Dan",NULL,"Malks"
464,"Michael",NULL,"Folk"
465,"Allen",NULL,"Dutoit"
466,"Jack",NULL,"Falk"
467,"Andrew",NULL,"Tanenbaum"
468,"Andrew",NULL,"Appel"
469,"Rachel",NULL,"Warren"
470,"Nick",NULL,"Rozanski"
471,"Gunnar",NULL,"Overgaard"
472,"Debra",NULL,"Cameron"
473,"Sanjay",NULL,"Patel"
474,"Greg",NULL,"Perry"
475,"Andrew",NULL,"Barto"
476,"Pedro",NULL,"Domingos"
477,"Mordechai",NULL,"Ben-Ari"
478,"John",NULL,"Koza"
479,"Peter",NULL,"Pacheco"
480,"David",NULL,"Bourg"
481,"Robert",NULL,"Martin"
482,"Philip",NULL,"Jackson"
483,"Paul",NULL,"Duvall"
484,"Paul",NULL,"Churchland"
485,"David",NULL,"Patterson"
486,"Roland",NULL,"Mas"
487,"Imre",NULL,"Leader"
488,"Michael",NULL,"Dirolf"
489,"Jerome",NULL,"Saltzer"
490,"James",NULL,"Whittaker"
491,"Betsy",NULL,"Beyer"
492,"Albert-László",NULL,"Barabási"
493,"Lisa",NULL,"Crispin"
494,"Peter",NULL,"Wallack"
495,"Trend-Pro",NULL,"Ltd."
496,"Sydney",NULL,"Padua"
497,"Niklaus",NULL,"Wirth"
498,"James",NULL,"Foley"
499,"Lawrence",NULL,"Lessig"
500,"Edward",NULL,"Tufte"
501,"Carl",NULL,"Albing"
502,"Luke",NULL,"Hohmann"
503,"Mark",NULL,"Ryan"
504,"Richard",NULL,"Sutton"
505,"Fletcher",NULL,"Dunn"
506,"George",NULL,"Karypis"
507,"Maurice",NULL,"Naftalin"
508,"John",NULL,"Willis"
509,"Jez",NULL,"Humble"
510,"Neil",NULL,"Jones"
511,"Stanley",NULL,"Lippman"
512,"Simon",NULL,"Brown"
513,"Eric",NULL,"Lengyel"
514,"Marc",NULL,"Kreveld"
515,"Chris",NULL,"Jones"
516,"Andrew",NULL,"Hodges"
517,"Earle",NULL,"Castledine"
518,"F.",NULL,"Leighton"
519,"Philippe",NULL,"Flajolet"
520,"Peter",NULL,"Hart"
521,"Philip",NULL,"Japikse"
522,"Michael",NULL,"Ligh"
523,"Mark",NULL,"Richards"
524,"Gary",NULL,"Wright"
525,"Viktor",NULL,"Mayer-Schönberger"
526,"Gautam",NULL,"Shroff"
527,"Jonathan",NULL,"Stoddard"
528,"Richard",NULL,"Hamming"
529,"Cristina",NULL,"Lopes"
530,"Stoyan",NULL,"Stefanov"
531,"Michael",NULL,"Abrash"
532,"Bradley",NULL,"Miller"
533,"Jim",NULL,"Highsmith"
534,"Anthony",NULL,"Molinaro"
535,"Frank",NULL,"Buschmann"
536,"Peter",NULL,"Dayan"
537,"James",NULL,"Gleick"
538,"Tony",NULL,"Mason"
539,"Nell",NULL,"Dale"
540,"Kevin",NULL,"Fall"
541,"Ryan",NULL,"Breidenbach"
542,"Doug",NULL,"Hoyte"
543,"Remy",NULL,"Sharp"
544,"Chas",NULL,"Emerick"
545,"Daniel",NULL,"Shiffman"
546,"Flavio",NULL,"Junqueira"
547,"Nello",NULL,"Cristianini"
548,"Greg",NULL,"Wilson"
549,"Mike",NULL,"Cohn"
550,"Michael",NULL,"Lewis"
551,"Neal",NULL,"Gafter"
552,"William",NULL,"Byrd"
553,"Frederick","Jr.","Brooks"
554,"OReilly",NULL,"Team"
555,"Axel",NULL,"Rauschmayer"
556,"Andrew",NULL,"Ng"
557,"William",NULL,"Press"
558,"ACM",NULL,"Staff"
559,"Michael",NULL,"Fisher"
560,"John",NULL,"Lewis"
561,"Simon",NULL,"Haykin"
562,"Jim",NULL,"Blandy"
563,"Herbert",NULL,"Schildt"
564,"Rich",NULL,"Gibson"
565,"Markus",NULL,"Winand"
566,"Seymour",NULL,"Papert"
567,"Raghu",NULL,"Ramakrishnan"
568,"Greg",NULL,"Newman"
569,"Christopher",NULL,"Manning"
570,"Gregor",NULL,"Hohpe"
571,"Roland",NULL,"Kuhn"
572,"Doug",NULL,"Cutting"
573,"Daniel",NULL,"Cohen"
574,"Brian",NULL,"Foy"
575,"Alan",NULL,"Mycroft"
576,"Ian",NULL,"Witten"
577,"Chad",NULL,"Fowler"
578,"Ronen",NULL,"Feldman"
579,"Marvin",NULL,"Zelkowitz"
580,"Mana",NULL,"Takahashi"
581,"John",NULL,"Foreman"
582,"Andries",NULL,"Dam"
583,"John",NULL,"Hughes"
584,"William",NULL,"Kent"
585,"Gene",NULL,"Kim"
586,"Wes",NULL,"McKinney"
587,"Brian",NULL,"Totty"
588,"Matt",NULL,"Welsh"
589,"Gojko",NULL,"Adzic"
590,"Greg",NULL,"Nudelman"
591,"Dean",NULL,"Leffingwell"
592,"Peter",NULL,"Salus"
593,"Jared",NULL,"Richardson"
594,"Willi",NULL,"Richert"
595,"Winston",NULL,"Chang"
596,"Martin",NULL,"Odersky"
597,"Drew",NULL,"Neil"
598,"Gilbert",NULL,"Strang"
599,"Jon",NULL,"Loeliger"
600,"Christos",NULL,"Papadimitriou"
601,"Chris",NULL,"Shiflett"
602,"Glenn",NULL,"Greenwald"
603,"Mike",NULL,"Gancarz"
604,"Kevin",NULL,"Beaver"
605,"James",NULL,"Warren"
606,"Reto",NULL,"Meier"
607,"Jennifer",NULL,"Robbins"
608,"Mike",NULL,"Loukides"
609,"Aaron",NULL,"Tenenbaum"
610,"Anany",NULL,"Levitin"
611,"Joshua",NULL,"Bloch"
612,"Benjamin",NULL,"Reed"
613,"Michael",NULL,"Goldwasser"
614,"Marcus",NULL,"Pinto"
615,"Robert",NULL,"Vamosi"
616,"Tariq",NULL,"Rashid"
617,"Daphne",NULL,"Koller"
618,"James",NULL,"Reffell"
619,"Boaz",NULL,"Barak"
620,"Steven",NULL,"Holzner"
621,"Franz",NULL,"Baader"
622,"Sara",NULL,"Baase"
623,"Christel",NULL,"Baier"
624,"Jon",NULL,"Bentley"
625,"Hadley",NULL,"Wickham"
626,"Jeff",NULL,"Atwood"
627,"John",NULL,"Mongan"
628,"Jeff",NULL,"Hammerbacher"
629,"John",NULL,"Mitchell"
630,"Marc",NULL,"Goodman"
631,"John",NULL,"Allen"
632,"Neil",NULL,"Matthew"
633,"Tony",NULL,"Gaddis"
634,"Timothy",NULL,"Lister"
635,"Carl",NULL,"Meyer"
636,"Amy",NULL,"Brown"
637,"Eric",NULL,"Matthes"
638,"Dan",NULL,"Gusfield"
639,"Vincent",NULL,"Massol"
640,"Robert",NULL,"Romano"
641,"Christer",NULL,"Ericson"
642,"Andreas",NULL,"Zeller"
643,"Carolyn",NULL,"Begg"
644,"Claire",NULL,"Evans"
645,"Dusty",NULL,"Phillips"
646,"Dave",NULL,"Agans"
647,"Mark",NULL,"Berg"
648,"Felipe",NULL,"Leme"
649,"John",NULL,"Kelleher"
650,"Andy",NULL,"Hertzfeld"
651,"Samuel",NULL,"Arbesman"
652,"Max",NULL,"Jacobson"
653,"Yale",NULL,"Patt"
654,"Dick",NULL,"Grune"
655,"Michael",NULL,"Stonebraker"
656,"Tomas",NULL,"Akenine-Möller"
657,"Ken",NULL,"Schwaber"
658,"Michael",NULL,"Taylor"
659,"Grady",NULL,"Booch"
660,"Pete",NULL,"Goodliffe"
661,"Joshua",NULL,"Suereth"
662,"Garth",NULL,"Snyder"
663,"Leo",NULL,"Dorst"
664,"Barry",NULL,"OReilly"
665,"Jennifer",NULL,"Greene"
666,"Douglas",NULL,"Schmidt"
667,"Joseph",NULL,"Schmuller"
668,"Andrew",NULL,"Gelman"
669,"Karl",NULL,"Wiegers"
670,"Andreas",NULL,"Wirthensohn"
672,"Tom",NULL,"Liston"
673,"Dean",NULL,"Miller"
674,"Jakob",NULL,"Nielsen"
675,"Elaine",NULL,"Rich"
676,"Leland",NULL,"Purvis"
677,"Ivan",NULL,"Ristic"
678,"Richard",NULL,"Warburton"
679,"Michel",NULL,"Goossens"
680,"S.",NULL,"Cooper"
681,"Michael",NULL,"Mitzenmacher"
682,"Shamkant",NULL,"Navathe"
683,"Gordon",NULL,"Lyon"
684,"Matthew",NULL,"Gast"
685,"William",NULL,"Lidwell"
686,"Bruce",NULL,"Sterling"
687,"Chuck",NULL,"Musciano"
688,"Benjamin",NULL,"Lipchak"
689,"Peter",NULL,"Zaitsev"
690,"Keith",NULL,"Jones"
691,"Steven",NULL,"Levithan"
692,"Bryan",NULL,"OSullivan"
693,"Ken",NULL,"Ledeen"
694,"Christopher",NULL,"Alexander"
695,"Lar",NULL,"Kaufman"
696,"David",NULL,"Leavitt"
697,"Sam",NULL,"Williams"
698,"Marco",NULL,"Cesati"
699,"Alan",NULL,"Turing"
700,"Ira",NULL,"Pohl"
701,"Ernest",NULL,"Nagel"
702,"Eibe",NULL,"Frank"
703,"George",NULL,"Boolos"
704,"Peter",NULL,"Robson"
705,"Michael",NULL,"Lopp"
707,"Dean",NULL,"Wampler"
708,"Brett",NULL,"McLaughlin"
709,"P.J.",NULL,"Plauger"
710,"Herb",NULL,"Sutter"
711,"Peter",NULL,"Kim"
712,"Russ",NULL,"Miles"
713,"Alex",NULL,"Ionescu"
714,"Prabhakar",NULL,"Raghavan"
715,"Chris",NULL,"Anley"
716,"Mor",NULL,"Harchol-Balter"
717,"Neal",NULL,"Stephenson"
718,"Harry",NULL,"Lewis"
719,"Andriy",NULL,"Burkov"
720,"Vaughn",NULL,"Vernon"
721,"David",NULL,"Barber"
722,"David",NULL,"Kahn"
723,"Toby",NULL,"Segaran"
724,"Holden",NULL,"Karau"
725,"Nancy",NULL,"Lynch"
726,"Shawn",NULL,"Hedman"
727,"Peter",NULL,"Hruschka"
728,"Sailu",NULL,"Reddy"
729,"Christophe",NULL,"Grand"
730,"Daniel",NULL,"Holden"
731,"Joseph",NULL,"Bonneau"
732,"Andrew",NULL,"Blum"
733,"Mark",NULL,"Overmars"
734,"Miran",NULL,"LipovaÄa"
735,"Gerald",NULL,"Weinberg"
736,"Aoife",NULL,"DArcy"
737,"Anthony",NULL,"Williams"
738,"Kent",NULL,"Kawahara"
739,"Jeff",NULL,"Duntemann"
740,"Robert",NULL,"Glass"
741,"Donald",NULL,"Yacktman"
742,"Terrence",NULL,"Pratt"
743,"Rachid",NULL,"Guerraoui"
744,"Jan",NULL,"Goyvaerts"
745,"Steve",NULL,"Oualline"
746,"Edsger",NULL,"Dijkstra"
747,"Jaron",NULL,"Lanier"
748,"Bruce",NULL,"Dang"
749,"Adam",NULL,"Tornhill"
750,"Robert",NULL,"Maksimchuk"
751,"Jon",NULL,"Skeet"
752,"Richard",NULL,"Clarke"
753,"David",NULL,"Goldberg"
754,"Vadim",NULL,"Tkachenko"
755,"Jeff",NULL,"Langr"
756,"Andrew",NULL,"Case"
757,"Ã†leen",NULL,"Frisch"
758,"Robert",NULL,"Tibshirani"
759,"Edward",NULL,"Loper"
760,"Martin",NULL,"Kleppmann"
761,"Narasimha",NULL,"Karumanchi"
762,"Elias",NULL,"Bachaalany"
763,"Adam",NULL,"Chlipala"
764,"Jamie",NULL,"Allen"
765,"Ellen",NULL,"Siever"
766,"Don",NULL,"Widrig"
767,"Laurence",NULL,"Abbott"
768,"Hung",NULL,"Nguyen"
769,"Alvaro",NULL,"Videla"
770,"Nikhil",NULL,"Buduma"
771,"LuÃ­s",NULL,"Rodrigues"
772,"Stephen",NULL,"Schanuel"
773,"Kim",NULL,"Zetter"
774,"Raoul-Gabriel",NULL,"Urma"
775,"Remzi",NULL,"Arpaci-Dusseau"
776,"Linda",NULL,"Liukas"
777,"Mukesh",NULL,"Singhal"
778,"Ron",NULL,"Sigal"
779,"Paul",NULL,"Hudak"
780,"Jonathan",NULL,"Rosenberg"
781,"Duane",NULL,"Bibby"
782,"Ajay",NULL,"Agrawal"
783,"Brendan",NULL,"Gregg"
784,"Trevor",NULL,"Foucher"
785,"Steven",NULL,"Bird"
786,"Jimmy",NULL,"Nilsson"
787,"David",NULL,"Herman"
788,"Aaron",NULL,"Hillegass"
789,"Edward",NULL,"Reingold"
790,"Tom",NULL,"White"
791,"Christopher",NULL,"Bishop"
792,"Cathy",NULL,"Lazere"
793,"Mark",NULL,"Chu-Carroll"
794,"Gerard",NULL,"Tel"
795,"Jeffrey",NULL,"Zeldman"
796,"James",NULL,"Grenning"
797,"Antonio",NULL,"Goncalves"
798,"György","E.","Révész"
799,"Robert",NULL,"Reimann"
800,"Tom",NULL,"Poppendieck"
801,"William",NULL,"Poundstone"
802,"George",NULL,"Reese"
803,"Susannah",NULL,"Pfalzer"
804,"Chris",NULL,"Sims"
805,"Mark",NULL,"Sobell"
806,"Philipp",NULL,"Janert"
807,"Nicolai",NULL,"Josuttis"
808,"Michael",NULL,"Huth"
809,"Jonathan",NULL,"Seldin"
810,"William",NULL,"Couie"
811,"Dave",NULL,"Shreiner"
812,"Gabriella",NULL,"Coleman"
813,"Douglas",NULL,"Comer"
814,"Indra",NULL,"Widjaja"
815,"Albert",NULL,"Woodhull"
816,"Daniel",NULL,"Brolund"
817,"Jeremy",NULL,"Kun"
818,"Curtis",NULL,"Rose"
819,"Vijay",NULL,"Vazirani"
820,"Leonard",NULL,"Richardson"
821,"Mitchell",NULL,"Wand"
822,"Jonas",NULL,"BonA©r"
823,"Judea",NULL,"Pearl"
824,"Richard","Jr.","Wright"
825,"Jeff",NULL,"Sutherland"
826,"Scott",NULL,"McCartney"
827,"Mikko",NULL,"Lipasti"
828,"George",NULL,"Varghese"
829,"Alessandro",NULL,"Rubini"
830,"Behrouz",NULL,"Forouzan"
831,"Marc",NULL,"Loy"
832,"Micheline",NULL,"Kamber"
833,"Jamis",NULL,"Buck"
834,"John",NULL,"Carlin"
835,"John",NULL,"Lions"
836,"Ivar",NULL,"Jacobson"
837,"Ben",NULL,"Clark"
838,"Joseph",NULL,"Weizenbaum"
839,"John",NULL,"Resig"
840,"Stephen",NULL,"Huston"
841,"Simon",NULL,"Collison"
842,"Bill",NULL,"Phillips"
843,"Jake",NULL,"Vanderplas"
844,"David",NULL,"Black"
845,"Hans",NULL,"Rohnert"
846,"Arthur",NULL,"Riel"
847,"Doug",NULL,"Brown"
848,"James",NULL,"Newman"
849,"David",NULL,"Harris"
850,"Swaroop",NULL,"C.H."
851,"Hsuan-Tien",NULL,"Lin"
852,"Dana",NULL,"Mackenzie"
853,"Ray",NULL,"Kurzweil"
854,"Walter",NULL,"Isaacson"
855,"Brian",NULL,"Okken"
856,"Donald",NULL,"Knuth"
857,"Ben",NULL,"Forta"
858,"Hannah",NULL,"Fry"
859,"Philip",NULL,"Klein"
860,"Sanjoy",NULL,"Dasgupta"
861,"Walter",NULL,"Savitch"
862,"Uwe",NULL,"Schöning"
863,"J.",NULL,"Scott"
864,"George",NULL,"Neville-Neil"
865,"Leon",NULL,"Breedt"
866,"Donald",NULL,"Norman"
867,"David",NULL,"McFarland"
868,"Conrad",NULL,"Barski"
869,"Nathaniel",NULL,"Popper"
870,"Martin",NULL,"Logan"
871,"Randall",NULL,"Hyde"
872,"Raymond",NULL,"Chen"
873,"Emil",NULL,"Eifrem"
874,"Kevin",NULL,"Murphy"
875,"A.E.",NULL,"Eiben"
876,"Andreas",NULL,"Antonopoulos"
877,"Dan",NULL,"Pilone"
878,"George",NULL,"Luger"
879,"Nat",NULL,"Pryce"
880,"Mark",NULL,"Bowden"
881,"Eben",NULL,"Hewitt"
882,"Joshua",NULL,"Gay"
883,"Ryan",NULL,"Boyd"
884,"David",NULL,"Solomon"
885,"Alistair",NULL,"Cockburn"
886,"Melanie",NULL,"Mitchell"
887,"Sam",NULL,"Ruby"
888,"B.",NULL,"Copeland"
889,"Clifford",NULL,"Stoll"
890,"Paul",NULL,"Butcher"
891,"Roger",NULL,"Penrose"
892,"Alberto",NULL,"Leon-Garcia"
893,"Thomas",NULL,"Sudkamp"
894,"Gary",NULL,"Flake"
895,"Aurélien",NULL,"Géron"
896,"Susanne",NULL,"Teschl"
897,"Jacob",NULL,"Kaplan-Moss"
898,"Robert",NULL,"Sedgewick"
899,"Tobias",NULL,"Klein"
900,"Rob",NULL,"Goodman"
901,"Jamie",NULL,"Bartlett"
902,"Nicholas",NULL,"Carr"
903,"Steve",NULL,"Wozniak"
904,"Michael",NULL,"Dawson"
905,"J.E.",NULL,"Smith"
906,"Grant",NULL,"Ingersoll"
907,"David",NULL,"Anderson"
908,"Thomas",NULL,"Limoncelli"
909,"Peter",NULL,"Kogge"
910,"Zvonko",NULL,"Vranesic"
911,"Luis",NULL,"Coelho"
912,"Cameron",NULL,"Newham"
913,"Zbigniew",NULL,"Michalewicz"
914,"T.J.",NULL,"OConnor"
915,"Vipin",NULL,"Kumar"
916,"Kristina",NULL,"Chodorow"
917,"Ceriel",NULL,"Jacobs"
918,"Casey",NULL,"Reas"
919,"Mirco",NULL,"Mannucci"
920,"Adnan",NULL,"Aziz"
921,"Luke",NULL,"Muehlhauser"
922,"Daniel",NULL,"Dennett"
923,"Frank",NULL,"Mittelbach"
924,"Marjorie",NULL,"Sayer"
925,"Jeff",NULL,"Carollo"
926,"Kenneth",NULL,"Cukier"
927,"A.K.",NULL,"Dewdney"
928,"Helen",NULL,"Gaines"
929,"Audrey",NULL,"Greenfeld"
930,"M.",NULL,"Mano"
931,"Keith",NULL,"Cooper"
932,"Simon",NULL,"Thompson"
933,"Greg",NULL,"Gagne"
934,"Per",NULL,"Hansen"
935,"Paul",NULL,"Wilson"
936,"Otfried",NULL,"Schwarzkopf"
937,"Nathan",NULL,"Torkington"
938,"David",NULL,"Vise"
939,"Jeremy",NULL,"Zawodny"
940,"Paul",NULL,"Horowitz"
941,"Douglas",NULL,"Rushkoff"
942,"David",NULL,"Christiansen"
943,"Joe",NULL,"Celko"
944,"Samuel","III","Harbison"
945,"Michael",NULL,"Tilson"
946,"John",NULL,"Heasman"
947,"Yaser",NULL,"Abu-Mostafa"
948,"Eric",NULL,"Haines"
949,"Paul",NULL,"Vitányi"
950,"Noam",NULL,"Nisan"
951,"Mark",NULL,"Summerfield"
952,"Evi",NULL,"Nemeth"
953,"Adewale",NULL,"Oshineye"
954,"John",NULL,"Markoff"
955,"Zach",NULL,"Dennis"
956,"Matthias",NULL,"Felleisen"
957,"Ola",NULL,"Ellnestam"
958,"Peter",NULL,"Harrington"
959,"Aaron",NULL,"Weber"
960,"Anil",NULL,"Madhavapeddy"
961,"Bob",NULL,"Baxley"
963,"Kyle",NULL,"Simpson"
964,"David",NULL,"Rogers"
965,"Jürgen",NULL,"Holdorf"
966,"Warren",NULL,"Weaver"
967,"Ian",NULL,"Goodfellow"
968,"Hillary",NULL,"Johnson"
969,"Barbara",NULL,"Moo"
970,"Justin",NULL,"Seitz"
971,"Eric",NULL,"Raymond"
972,"Edward",NULL,"Yourdon"
973,"Mark",NULL,"Seemann"
974,"Bobbi",NULL,"Young"
975,"Jim",NULL,"Conallen"
976,"Edwin",NULL,"Brady"
977,"Steve",NULL,"Krug"
978,"Jonathan",NULL,"Rasmusson"
979,"Russ",NULL,"Olsen"
980,"Paul",NULL,"Vigna"
981,"Kelsey",NULL,"Hightower"
982,"Caroline",NULL,"Jarrett"
983,"Keith",NULL,"Frankish"
984,"Joseph",NULL,"Albahari"
985,"Allen",NULL,"Downey"
987,"Peter",NULL,"Seibel"
988,"Peter",NULL,"Norvig"
989,"David",NULL,"Flanagan"
990,"April",NULL,"Chu"
991,"Marshall",NULL,"McKusick"
992,"Rick",NULL,"Kazman"
993,"Cynthia",NULL,"Andres"
994,"Francesco",NULL,"Cesarini"
995,"Pavel",NULL,"Pevzner"
996,"Andrew",NULL,"Koenig"
997,"Anshu",NULL,"Aggarwal"
998,"Krzysztof",NULL,"Cwalina"
999,"John",NULL,"Pierce"
1000,"Alexander",NULL,"Stepanov"
1001,"Blake",NULL,"Masters"
1002,"Stephen",NULL,"Prata"
1003,"Thomas",NULL,"Cormen"
1004,"Joshua",NULL,"Kerievsky"
1005,"Niall",NULL,"Murphy"
1006,"Patrick",NULL,"Niemeyer"
1007,"Udi",NULL,"Manber"
1008,"Tom",NULL,"Stuart"
1009,"Kate",NULL,"Thompson"
1010,"Joshua",NULL,"Gans"
1011,"Paolo",NULL,"Perrotta"
1012,"David",NULL,"Horn"
1013,"Lex",NULL,"Spoon"
1014,"Henry",NULL,"Korth"
1015,"Bill",NULL,"Wagner"
1016,"Matt",NULL,"Carter"
1017,"Philip",NULL,"Wadler"
1018,"Pete",NULL,"McBreen"
1019,"Paul",NULL,"Graham"
1020,"Dave",NULL,"Hoover"
1021,"Robert",NULL,"Cringely"
1022,"Stephen",NULL,"Davis"
1023,"Kurt",NULL,"Beyer"
1024,"Christian",NULL,"Rudder"
1025,"Randal",NULL,"Schwartz"
1026,"Alan",NULL,"Beaulieu"
1027,"Jamie",NULL,"Taylor"
1028,"Bill",NULL,"Rosenblatt"
1029,"David",NULL,"West"
1030,"Ben",NULL,"Whaley"
1031,"Donald",NULL,"Stewart"
1032,"Christopher",NULL,"Date"
1033,"Ã‰va",NULL,"Tardos"
1034,"Tadayoshi",NULL,"Kohno"
1035,"George",NULL,"Coulouris"
1036,"Gary",NULL,"Gregory"
1037,"Cricket",NULL,"Liu"
1038,"Elizabeth",NULL,"Castro"
1039,"Jay",NULL,"Wengrow"
1040,"Dave",NULL,"Thomas"
1041,"Murray",NULL,"Silverstein"
1042,"Scott",NULL,"Oaks"
1043,"Apostolos",NULL,"Doxiadis"
1044,"Peter","Linden","der"
1045,"Robin",NULL,"Williams"
1046,"Saul",NULL,"Teukolsky"
1047,"Anand",NULL,"Rajaraman"
1048,"Daniel",NULL,"Bovet"
1049,"Kevin",NULL,"Goldberg"
1050,"Mark",NULL,"Masse"
1051,"Andrew",NULL,"Troelsen"
1052,"William",NULL,"Aspray"
1053,"Adam",NULL,"Shook"
1054,"Ryan",NULL,"Mitchell"
1055,"Christian",NULL,"Cachin"
1056,"Avi",NULL,"Goldfarb"
1057,"Max",NULL,"Kanat-Alexander"
1058,"Noson",NULL,"Yanofsky"
1059,"Elbert",NULL,"Hannah"
1060,"Bill",NULL,"Venners"
1061,"Rafael",NULL,"Gonzalez"
1062,"Eric",NULL,"Bonabeau"
1063,"Richard",NULL,"Trudeau"
1064,"Ananth",NULL,"Grama"
1065,"Robert",NULL,"Daigneau"
1066,"A†leen",NULL,"Frisch"
1067,"Adam",NULL,"Drozdek"
1068,"Alfred",NULL,"Menezes"
1069,"Hal",NULL,"Stern"
1070,"P.W.",NULL,"Singer"
1071,"Shoko",NULL,"Azuma"
1072,"Malik",NULL,"Magdon-Ismail"
1073,"Daniel",NULL,"Greenfeld"
1074,"Kurt",NULL,"Mehlhorn"
1075,"Kevin",NULL,"Leyton-Brown"
1076,"Scott",NULL,"Page"
1077,"Brian",NULL,"Christian"
1078,"John",NULL,"Neumann"
1079,"Jane",NULL,"Margolis"
1080,"Adrian",NULL,"Kaehler"
1081,"Allen",NULL,"Harper"
1082,"Steven",NULL,"Muchnick"
1083,"Herbert",NULL,"Simon"
1084,"Stuart",NULL,"Halloway"
1085,"Ken",NULL,"Arnold"
1086,"Joseph",NULL,"Hellerstein"
1087,"Rob",NULL,"Conery"
1088,"Gerard",NULL,"Meszaros"
1089,"Kritina",NULL,"Holden"
1090,"Niels",NULL,"Ferguson"
1091,"Annie",NULL,"Donna"
1092,"Jim",NULL,"Gray"
1093,"Oleg",NULL,"Kiselyov"
1094,"Ian",NULL,"Wienand"
1095,"Trevor",NULL,"Burnham"
1096,"Josh",NULL,"Patterson"
1097,"Amy",NULL,"Langville"
1098,"C.A.R.",NULL,"Hoare"
1099,"Susanna",NULL,"Epp"
1100,"Rina",NULL,"Dechter"
1101,"Eric",NULL,"Sink"
1102,"Carlos",NULL,"Varela"
1103,"Lawrie",NULL,"Brown"
1104,"Jonathan",NULL,"Corbet"
1105,"Andrew",NULL,"Rudoff"
1106,"James",NULL,"Gosling"
1107,"Steve",NULL,"Maguire"
1108,"Michael",NULL,"Howard"
1109,"Audrey",NULL,"Roy"
1110,"David",NULL,"Easley"
1112,"Jean",NULL,"Dollimore"
1113,"James",NULL,"Sanger"
1114,"Gerald",NULL,"Teschl"
1115,"Eric",NULL,"Merritt"
1116,"Damian",NULL,"Conway"
1117,"Roy",NULL,"Osherove"
1118,"Randy",NULL,"Pausch"
1119,"Scott",NULL,"Millett"
1120,"Hays","McCormick","Skip"
1121,"Jack",NULL,"Koziol"
1122,"John",NULL,"Allspaw"
1123,"Jonathan",NULL,"Bartlett"
1124,"Eli",NULL,"Bressert"
1125,"Julia",NULL,"Lobur"
1126,"David",NULL,"Fogel"
1127,"Dafydd",NULL,"Stuttard"
1128,"Jason",NULL,"Arbon"
1129,"Thomas",NULL,"Fuchs"
1130,"Charlie",NULL,"Hunt"
1131,"Patrik",NULL,"Jonsson"
1132,"Benjamin",NULL,"Pierce"
1133,"Sanjeev",NULL,"Arora"
1134,"Noah",NULL,"Suojanen"
1135,"Jeffrey",NULL,"Hicks"
1136,"Brian",NULL,"Macnamee"
1137,"Ada",NULL,"Lovelace"
1138,"Ehud",NULL,"Shapiro"
1139,"Jim",NULL,"Webber"
1140,"Josée",NULL,"Lajoie"
1141,"Scott",NULL,"Granneman"
1142,"Clinton",NULL,"Gormley"
1143,"David",NULL,"Kadavy"
1144,"James",NULL,"Broad"
1145,"Bryan",NULL,"Basham"
1146,"Yehuda",NULL,"Lindell"
1147,"Richard",NULL,"Stones"
1148,"Len",NULL,"Bass"
1149,"Leon",NULL,"Sterling"
1150,"Stephen",NULL,"Brown"
1151,"Max",NULL,"Kuhn"
1152,"Jim",NULL,"Ottaviani"
1153,"Nick",NULL,"Bilton"
1154,"Jesse",NULL,"Storimer"
1155,"Leslie",NULL,"Valiant"
1156,"Robert",NULL,"Love"
1157,"Robert",NULL,"Lafore"
1158,"Michael",NULL,"Heath"
1159,"D.S.",NULL,"Malik"
1160,"Richard",NULL,"Carlsson"
1161,"Raphaël",NULL,"Hertzog"
1162,"Haralambos",NULL,"Marmanis"
1163,"John",NULL,"Miller"
1164,"Hubert",NULL,"Dreyfus"
1165,"Michael",NULL,"Sikorski"
1166,"Erik",NULL,"Brynjolfsson"
1167,"Ramez",NULL,"Elmasri"
1168,"Erik",NULL,"Buck"
1169,"Ron",NULL,"Patton"
1170,"Brian",NULL,"Kernighan"
1171,"Dmitry",NULL,"Babenko"
1172,"Yves",NULL,"Bertot"
1173,"37",NULL,"Signals"
1174,"Dustin",NULL,"Boswell"
1175,"Bertrand",NULL,"Meyer"
1176,"Stephen",NULL,"Mann"
1177,"David",NULL,"Hansson"
1178,"Brian",NULL,"Hardy"
1179,"Sandra",NULL,"Blakeslee"
1180,"Mason",NULL,"Woo"
1181,"Rod",NULL,"Stephens"
1182,"Andrew",NULL,"Bruce"
1183,"Martin",NULL,"Campbell-Kelly"
1184,"James",NULL,"Elliott"
1185,"J.",NULL,"Hindley"
1186,"Michael",NULL,"Engle"
1187,"Kenneth",NULL,"Louden"
1188,"Mig",NULL,"Greengard"
1189,"Richard",NULL,"Jones"
1190,"Alex",NULL,"Tapscott"
1191,"Frank",NULL,"Pasquale"
1192,"Gene",NULL,"Spafford"
1193,"Raymond",NULL,"Smullyan"
1194,"Christopher",NULL,"Allen"
1195,"Julie",NULL,"Moronuki"
1196,"Craig",NULL,"Walls"
1197,"Bruce",NULL,"Schneier"
1198,"Caleb",NULL,"Doxsey"
1199,"John",NULL,"Vlissides"
1200,"Dave",NULL,"Astels"
1201,"Reshma",NULL,"Saujani"
1202,"Noam",NULL,"Nison"
1203,"Drew",NULL,"Conway"
1204,"James",NULL,"Martin"
1205,"Maurice",NULL,"Bach"
1206,"Stephen",NULL,"Marsland"
1207,"Andy",NULL,"Terrel"
1208,"Joe",NULL,"Kutner"
1209,"Brian",NULL,"Jones"
1210,"Andrew",NULL,"Davison"
1211,"Nachum",NULL,"Dershowitz"
1212,"Matthew",NULL,"Hahn"
1213,"Mark",NULL,"Weiss"
1214,"Kevin",NULL,"Mitnick"
1215,"John",NULL,"Ousterhout"
1216,"Elisabeth",NULL,"Hendrickson"
1217,"Wesley",NULL,"Chun"
1218,"Tim",NULL,"Wu"
1219,"Ian",NULL,"Robinson"
1220,"Gigi",NULL,"Estabrook"
1221,"Andy",NULL,"Hunt"
1222,"Alexandre",NULL,"Gazet"
1223,"James",NULL,"Barrat"
1224,"Joel",NULL,"Grus"
1225,"Doug",NULL,"Hellmann"
1226,"Jonathan",NULL,"Knudsen"
1227,"Patricia",NULL,"Churchland"
1228,"David",NULL,"Ascher"
1229,"Antonio",NULL,"MartAfÂ­nez"
1230,"Michael",NULL,"Fogus"
1231,"Richard",NULL,"Szeliski"
1232,"Michael",NULL,"Casey"
1233,"Ben",NULL,"Fry"
1234,"David",NULL,"Kushner"
1235,"Daniel",NULL,"Fontijne"
1236,"Ole-Johan",NULL,"Dahl"
1237,"Ben",NULL,"Klemens"
1238,"V.",NULL,"Hamacher"
1239,"Patrick",NULL,"Engebretson"
1240,"Alex",NULL,"Martelli"
1241,"Scott",NULL,"Meyers"
1242,"Justin",NULL,"Zobel"
1243,"Thomas",NULL,"Morton"
1244,"Douglas",NULL,"West"
1245,"Jill",NULL,"Butler"
1246,"Marvin",NULL,"Minsky"
1247,"Savas",NULL,"Parastatidis"
1248,"John",NULL,"Goerzen"
1249,"Donald",NULL,"Reinertsen"
1250,"Aaron",NULL,"Gustafson"
1251,"Winfield",NULL,"Hill"
1252,"Aslak",NULL,"Hellesoy"
1253,"Tim",NULL,"OReilly"
1254,"John",NULL,"Guttag"
1255,"Isaac",NULL,"Chuang"
1256,"Robin",NULL,"Milner"
1257,"Pekka",NULL,"Himanen"
1258,"Vitalik",NULL,"Buterin"
1259,"Nathan",NULL,"Yau"
1260,"Michael",NULL,"Wittig"
1261,"Craig",NULL,"Hunt"
1262,"Michael",NULL,"Morrison"
1263,"David",NULL,"Rensin"
1264,"Christian",NULL,"Queinnec"
1265,"Rachel",NULL,"Schutt"
1266,"Brett",NULL,"Slatkin"
1267,"Yedidyah",NULL,"Langsam"
1268,"Donald",NULL,"Miner"
1269,"Daniel",NULL,"Friedman"
1270,"David",NULL,"Agans"
1271,"Thomas",NULL,"Cover"
1272,"Cristopher",NULL,"Moore"
1273,"Jeremy",NULL,"Keith"
1274,"Richard",NULL,"Duda"
1275,"Jay",NULL,"Fields"
1276,"Joel",NULL,"Spolsky"
1277,"John",NULL,"Levine"
1278,"Bill",NULL,"Kennedy"
1279,"Steven",NULL,"Levy"
1280,"David",NULL,"Diamond"
1281,"Glynn",NULL,"Winskel"
1282,"Gary",NULL,"Cornell"
1283,"W.",NULL,"Stevens"
1284,"Aaron",NULL,"Walters"
1285,"Peter",NULL,"Shirley"
1286,"Shriram",NULL,"Krishnamurthi"
1287,"Alan",NULL,"Shalloway"
1288,"Sarah",NULL,"Harris"
1289,"Karim",NULL,"Yaghmour"
1290,"Al",NULL,"Sweigart"
1291,"Debasish",NULL,"Ghosh"
1292,"William",NULL,"Mougayar"
1293,"Stephane",NULL,"Faroult"
1294,"Brett",NULL,"Lantz"
1295,"Michael",NULL,"Goodrich"
1296,"Eric",NULL,"Schmidt"
1297,"Raimondo",NULL,"Pictet"
1298,"Brian",NULL,"Ward"
1299,"Peter",NULL,"Denning"
1300,"Vint",NULL,"Cert"
1301,"Peter",NULL,"Abel"
1302,"Cory",NULL,"Doctorow"
1303,"Matei",NULL,"Zaharia"
1305,"Elisabeth",NULL,"Robson"
1306,"Sean",NULL,"Kane"
1307,"Eric",NULL,"Lehman"
1308,"Al",NULL,"Kelley"
1309,"John",NULL,"Gall"
1310,"Yaron",NULL,"Minsky"
1311,"Glyn",NULL,"Moody"
1312,"Jon",NULL,"Stokes"
1313,"Joel",NULL,"Scambray"
1314,"Eric",NULL,"Freeman"
1315,"Ken",NULL,"Thompson"
1316,"John",NULL,"Lakos"
1317,"Andrew",NULL,"Huang"
1319,"Paul",NULL,"McJones"
1320,"Ewan",NULL,"Klein"
1321,"Artur",NULL,"Ejsmont"
1322,"Hans","Baeyer","Von"
1323,"Joy",NULL,"Beatty"
1324,"William",NULL,"Stallings"
1325,"Satnam",NULL,"Alag"
1327,"George",NULL,"Fairbanks"
1328,"Linda",NULL,"Lamb"
1329,"Ian",NULL,"Millington"
1330,"Andy",NULL,"Budd"
1331,"Stephen",NULL,"Kochan"
1332,"Yukihiro",NULL,"Matsumoto"
1333,"Bobby",NULL,"Woolf"
1334,"Guy","Jr.","Steele"
1335,"Leland",NULL,"Wilkinson"
1336,"Parmy",NULL,"Olson"
1337,"Bartosz",NULL,"Milewski"
1338,"Jerry",NULL,"Peek"
1339,"Peter",NULL,"Galvin"
1340,"Doug",NULL,"Lea"
1341,"David",NULL,"Simon"
1342,"Arvind",NULL,"Narayanan"
1343,"Edward",NULL,"Felten"
1344,"Elaine",NULL,"Weyuker"
1345,"Martin",NULL,"Erwig"
1346,"Michael",NULL,"Hiltzik"
1347,"Johannes",NULL,"Gehrke"
1348,"Carl",NULL,"Gunter"
1349,"Pat",NULL,"Shaughnessy"
1350,"Michal",NULL,"Zalewski"
1351,"Alan","Donovan","A."
1352,"Joanne",NULL,"Molesky"
1353,"William",NULL,"Vetterling"
1354,"Kathy",NULL,"Sierra"
1355,"Esther",NULL,"Derby"
1356,"Jeffrey",NULL,"Ulman"
1357,"Hartmut",NULL,"Bohnacker"
1358,"Cem",NULL,"Kaner"
1359,"Jonathan",NULL,"Gennick"
1360,"Cole",NULL,"Knaflic"
1361,"Michael",NULL,"Nygard"
1362,"Umesh",NULL,"Vazirani"
1363,"G.",NULL,"Zachary"
1364,"Nigel",NULL,"Cutland"
1365,"Joe",NULL,"Beda"
1366,"Glenford",NULL,"Myers"
1367,"Eric",NULL,"Roberts"
1368,"Gabe",NULL,"Zichermann"
1369,"John",NULL,"McDonald"
1370,"Peter",NULL,"Rob"
1371,"Steve",NULL,"McConnell"
1372,"Steven",NULL,"Goldfeder"
1373,"Mark",NULL,"Fenoglio"
1374,"Max",NULL,"Tegmark"
1375,"Laurie",NULL,"Wallmark"
1376,"Colleen",NULL,"Gorman"
1377,"Bear",NULL,"Bibeault"
1378,"Nicholas",NULL,"Zakas"
1379,"Herbert",NULL,"Mattord"
1380,"Bernd",NULL,"Bruegge"
1381,"Don",NULL,"Tapscott"
1382,"Jason",NULL,"Brownlee"
1383,"Anthony",NULL,"Hey"
1384,"Jiawei",NULL,"Han"
1385,"Andreas",NULL,"Schwarz"
1386,"Jennifer",NULL,"Widom"
1387,"Larry",NULL,"Wall"
1388,"Seth",NULL,"Lloyd"
